<?xml version="1.0" encoding="UTF-8"?>
<project-private xmlns="http://www.netbeans.org/ns/project-private/1">
    <editor-bookmarks xmlns="http://www.netbeans.org/ns/editor-bookmarks/2" lastBookmarkId="0"/>
    <open-files xmlns="http://www.netbeans.org/ns/projectui-open-files/2">
        <group>
            <file>file:/C:/z_Data/Private/PE_SU25/02_CreateActiveStatus/PE1/Given/PE_Prj301/web/login.jsp</file>
            <file>file:/C:/z_Data/Private/PE_SU25/02_CreateActiveStatus/PE1/Given/PE_Prj301/src/java/pe/model/RoomForRentDto.java</file>
            <file>file:/C:/z_Data/Private/PE_SU25/02_CreateActiveStatus/PE1/Given/PE_Prj301/web/active_accounts.jsp</file>
            <file>file:/C:/z_Data/Private/PE_SU25/02_CreateActiveStatus/PE1/Given/PE_Prj301/src/java/pe/model/RoomForRentDao.java</file>
            <file>file:/C:/z_Data/Private/PE_SU25/02_CreateActiveStatus/PE1/Given/PE_Prj301/src/java/pe/model/AccountDao.java</file>
            <file>file:/C:/z_Data/Private/PE_SU25/02_CreateActiveStatus/PE1/Given/PE_Prj301/web/inactive_accounts.jsp</file>
            <file>file:/C:/z_Data/Private/PE_SU25/02_CreateActiveStatus/PE1/Given/PE_Prj301/web/WEB-INF/web.xml</file>
            <file>file:/C:/z_Data/Private/PE_SU25/02_CreateActiveStatus/PE1/Given/PE_Prj301/web/welcome.jsp</file>
            <file>file:/C:/z_Data/Private/PE_SU25/02_CreateActiveStatus/PE1/Given/PE_Prj301/src/java/pe/controllers/MainController.java</file>
            <file>file:/C:/z_Data/Private/PE_SU25/02_CreateActiveStatus/PE1/Given/PE_Prj301/src/java/pe/model/AccountDto.java</file>
        </group>
    </open-files>
</project-private>
